{
	"format_version": "1.8.0",
	"animations": {
		"Idle": {
			"loop": true,
			"animation_length": 3,
			"bones": {
				"bn_upper_body": {
					"position": {
						"0.0": [0, 0, 0],
						"1.5": [0, 0.25, 0],
						"3.0": [0, 0, 0]
					}
				},
				"bn_right_hand": {
					"rotation": {
						"0.0": [0, 0, 0],
						"1.5": [0, 0, 7.5],
						"3.0": [0, 0, 0]
					},
					"position": {
						"0.0": [0, 0, 0],
						"1.5": [0, 0.5, 0],
						"3.0": [0, 0, 0]
					}
				},
				"bn_left_hand": {
					"rotation": {
						"0.0": [0, 0, 0],
						"1.5": [0, 0, -7.5],
						"3.0": [0, 0, 0]
					},
					"position": {
						"0.0": [0, 0, 0],
						"1.5": [0, 0.5, 0],
						"3.0": [0, 0, 0]
					}
				},
				"bn_head": {
					"position": {
						"0.0": [0, -0.25, 0],
						"1.5": [0, 0, 0],
						"3.0": [0, -0.25, 0]
					}
				}
			}
		},
		"walk": {
			"loop": true,
			"animation_length": 2.5,
			"override_previous_animation": true,
			"bones": {
				"bn_left_leg": {
					"rotation": {
						"0.0": [25, 0, 0],
						"0.75": [50, 0, 0],
						"1.5": [-42.5, 0, 0],
						"1.9167": [-22.5, 0, 0],
						"2.5": [25, 0, 0]
					},
					"position": {
						"0.0": [0, 0.25, 0.25],
						"0.75": [0, 0.25, 0.5],
						"1.5": [0, 0.5, -1],
						"1.9167": [0, 0, -1],
						"2.5": [0, 0.25, 0.25]
					}
				},
				"bn_right_leg": {
					"rotation": {
						"0.0": [-42.5, 0, 0],
						"0.4167": [-22.5, 0, 0],
						"1.0": [25, 0, 0],
						"1.75": [50, 0, 0],
						"2.5": [-42.5, 0, 0]
					},
					"position": {
						"0.0": [0, 0.5, -1],
						"0.4167": [0, 0, -1],
						"1.0": [0, 0.25, 0.25],
						"1.75": [0, 0.25, 0.5],
						"2.5": [0, 0.5, -1]
					}
				},
				"bn_upper_body": {
					"position": {
						"0.0": [0, 0, 0],
						"0.75": [0, -0.5, 0],
						"1.4167": [0, 0, 0],
						"2.0417": [0, -0.5, 0],
						"2.5": [0, 0, 0]
					}
				},
				"bn_right_hand": {
					"rotation": {
						"0.0": [-32.5, 0, 5],
						"0.625": [-3.22225, 0.42399, 12.48807],
						"1.25": [32.5, 0, 5],
						"1.875": [-3.22225, 0.42399, 12.48807],
						"2.5": [-32.5, 0, 5]
					},
					"position": {
						"0.0": [1, 1.5, 0],
						"0.625": [0.55, 1.05, 0],
						"1.25": [0, 1.5, 0],
						"1.875": [0.55, 1.05, 0],
						"2.5": [1, 1.5, 0]
					}
				},
				"bn_left_hand": {
					"rotation": {
						"0.0": [32.5, 0, -5],
						"0.625": [-3.22225, 0.42399, -12.4881],
						"1.25": [-32.5, 0, -5],
						"1.875": [-3.22225, 0.42399, -12.4881],
						"2.5": [32.5, 0, -5]
					},
					"position": {
						"0.0": [0, 1.5, 0],
						"0.625": [-0.55, 1.05, 0],
						"1.25": [-1, 1.5, 0],
						"1.875": [-0.55, 1.05, 0],
						"2.5": [0, 1.5, 0]
					}
				},
				"bn_torso": {
					"rotation": [2.5, 0, 0]
				},
				"bn_head": {
					"position": [0, 0, -0.5]
				}
			}
		}
	}
}